timesteps,X:VCD,X:Glc,X:Lac,X:Titer,W:Feed
0.0,0.55,45.0,0.0,0.0,0.0
1.0,1.725243590706548,44.00818832110499,1.4893890276355155,0.05463193598422201,0.0
2.0,4.779557709514695,41.089619392711256,5.872388936544153,1.3115387619153576,12.5
3.0,10.278396903985593,40.271477959182114,16.487302959088094,15.870868754415769,12.5
4.0,15.886798849661046,40.08360265960728,35.542541068670715,85.82462132924178,12.5
5.0,18.56808860821025,35.783073083100874,60.77645020612946,245.22113131575068,12.5
6.0,18.09914121553566,30.50520114078624,87.48360716285615,468.6161990121605,12.5
7.0,15.811653106761435,26.667239527470713,112.03369372197058,706.6662889812628,12.5
8.0,12.920362074537593,25.38947526579263,132.74037277622236,924.7617040198207,12.5
9.0,10.12355934480673,26.873536170970322,149.29621665122679,1108.2151546375114,12.5
10.0,7.715657381739518,30.861522807421082,162.08647120182502,1254.8762216427247,0.0
11.0,5.775454050338361,24.435173148663704,171.74360411928623,1367.8698659109482,0.0
12.0,4.271029247966722,19.655832623064732,178.9289388673128,1452.6313926162115,0.0
13.0,3.129192849903025,16.139559349436013,184.21813133919022,1515.1928114319742,0.0
14.0,2.276240986722191,13.573937168816903,188.07954871982074,1560.8227991954025,0.0
0.0,0.27448979591836736,40.71428571428571,0.0,0.0,0.0
1.0,0.8718759717901421,40.21714394195297,0.7466340839906884,0.016378117270096075,18.622448979591837
2.0,2.5892622931573905,39.641107220511884,3.038610628188593,0.2817853246111368,18.622448979591837
3.0,6.529319297175704,54.09861210475338,9.292550002588275,3.9545876120388153,18.622448979591837
4.0,12.160304589563259,63.77184208567888,22.727610481228773,32.23116278685053,18.622448979591837
5.0,15.860577160994604,68.65866882714273,43.346513907917874,126.91409119010493,18.622448979591837
6.0,15.657797565949172,71.8743731908678,66.47308338844951,287.51052410723855,18.622448979591837
7.0,12.758719263700112,76.72515218853695,87.1445541759679,464.79572129928493,18.622448979591837
8.0,8.910175170395563,84.93767476611983,102.76917754164542,614.3811768867938,18.622448979591837
9.0,5.459967167966427,96.73825949065244,113.00766150709894,718.3103525142,18.622448979591837
10.0,3.082856300536988,111.35213559976701,119.0234398032213,781.3059307522319,0.0
11.0,1.6853136370591508,113.69060461052868,122.35935085522259,816.8130630446891,0.0
12.0,0.9139838052053503,112.48043647536234,124.17540398252424,836.3023820665422,0.0
13.0,0.4937701094904678,111.82543164976047,125.15834902925107,846.8967671377101,0.0
14.0,0.26621772635022783,111.4719341655522,125.68883263173421,852.6275753589497,0.0
0.0,0.12755102040816327,17.857142857142858,0.0,0.0,0.0
1.0,0.39452696897846706,17.630472428758573,0.34096375460337647,0.018588413403073406,0.0
2.0,1.1820783245153306,16.940565303950716,1.378818283588168,0.1271912878875853,0.0
3.0,3.245513782029231,14.963816316294865,4.353247484088101,1.0745427791386208,14.642857142857144
4.0,7.422643864493157,20.350597517215363,11.759684613920964,8.77423975131274,14.642857142857144
5.0,12.957408976069164,25.23241361606809,26.43256110792946,48.74996192352927,14.642857142857144
6.0,16.940039707834806,25.326070659459614,48.29898482039862,162.33161439625863,14.642857142857144
7.0,17.855081117940266,23.065020770214684,73.70714886884949,351.3662080158126,14.642857142857144
8.0,16.41629184029399,21.159706051604278,98.58583467927227,575.7210183616654,14.642857142857144
9.0,13.88303369118422,21.24904700376955,120.4680873892651,795.410122686122,0.0
10.0,11.136455412020398,14.355424580198518,138.47605977322382,987.6411022067298,0.0
11.0,8.556549409242937,4.974990558617459,152.6262261675404,1139.40395211787,0.0
12.0,5.898992284083612,-8.613933606020284e-09,163.1075562397173,1203.9647048535558,0.0
13.0,3.7170652491380625,-1.6239252643470825e-09,169.91305413830028,1203.9647048438417,0.0
14.0,2.33422021208854,-7.634924220865205e-09,174.19405210447863,1203.9647048513423,0.0
0.0,0.8438775510204082,47.85714285714286,0.0,0.0,0.0
1.0,2.609587455719932,46.34350233865549,2.2728712254197796,0.13173031141162347,0.0
2.0,6.769303927466379,42.07177050180508,8.687721791947773,3.3855440778279,0.0
3.0,12.917047657883531,32.682060527363234,22.791228065561434,33.18415800351243,15.561224489795919
4.0,17.673163624664305,25.877743867812708,45.18590413824793,140.09030774046153,15.561224489795919
5.0,18.962614099350176,23.61476322536219,71.97607974680668,334.20545859130823,15.561224489795919
6.0,17.510225451664155,21.55014009217623,98.47370453036828,571.8949314748012,15.561224489795919
7.0,14.783900436402806,21.594900985800187,121.80290107356483,806.6975650524681,15.561224489795919
8.0,11.821097870783442,24.42164154343243,140.9467190150827,1013.0699411394583,15.561224489795919
9.0,9.12851250842796,29.97754184378448,155.98273496484205,1182.667688900186,0.0
10.0,6.889821812059968,22.659568802956652,167.45729807695065,1315.5281376028795,0.0
11.0,5.119026517519925,16.945323391422058,176.05046057879287,1415.9689097222629,0.0
12.0,3.756825487414859,12.72902211646649,182.39637054713538,1490.1974485559413,0.0
13.0,2.7297207785295203,9.653159045419615,187.03091008307914,1544.06071972365,0.0
14.0,1.966636561043649,7.430490440876364,190.3845399884,1582.5466147967554,0.0
0.0,0.4214285714285715,33.57142857142857,0.0,0.0,0.0
1.0,1.3201146807910393,32.813458112377155,1.1386684373426452,0.04307613536334926,7.295918367346939
2.0,3.7541348171394207,34.49978052093394,4.53284806576537,0.7738749411481655,7.295918367346939
3.0,8.637166397828482,36.04517385204402,13.170694806636735,9.559932564898405,7.295918367346939
4.0,14.486636863173969,32.19573893972423,29.91303059902648,60.3282940951951,7.295918367346939
5.0,18.036687407464008,23.636798644454952,53.738055017944625,195.66422291044796,7.295918367346939
6.0,18.22966703147472,13.331734522398328,80.21287670560376,403.5162963455227,7.295918367346939
7.0,16.021779315254957,4.146270654925,105.09386831709531,628.0986282797479,7.295918367346939
8.0,11.657944135179052,0.09012093175330452,125.31949018781648,735.4711212647663,7.295918367346939
9.0,7.802797269003703,0.3837513799872093,139.1159854249286,767.9848087186298,0.0
10.0,5.308984793222012,1.437548687173193e-07,148.50463484663717,809.1142039618535,0.0
11.0,3.379814848363974,2.7034457217111544e-09,154.6586161090565,809.1142047474304,0.0
12.0,2.1439835360202104,-4.234990994643537e-09,158.56940813133286,809.1142047226771,0.0
13.0,1.3570767266713362,4.280492394053849e-09,161.04751664911618,809.1142047074787,0.0
14.0,0.857841722436499,-9.404324599059714e-09,162.61500323479027,809.1142047247077,0.0
0.0,0.40306122448979587,45.0,0.0,0.0,0.0
1.0,1.2744915096310523,44.27083705964954,1.094969636655234,0.029427586510792227,0.0
2.0,3.663683694372941,42.07478958039766,4.392856663431377,0.6452943443847213,0.0
3.0,8.50516896620347,36.43267236048288,12.866831209471934,8.881948969587103,8.214285714285714
4.0,14.369815482819996,30.191610989856322,29.42087580334159,58.20907956479343,8.214285714285714
5.0,17.98794676536539,22.633265298842986,53.124666781522095,191.53175342253144,8.214285714285714
6.0,18.24124451200769,13.263899335505986,79.57533716597398,398.0237127693676,8.214285714285714
7.0,16.097972983572767,4.952573849718,104.51229395719623,623.3316220797432,8.214285714285714
8.0,12.237854778329682,0.13367522196695078,125.17210258364467,773.0479493028581,8.214285714285714
9.0,8.262851429779014,0.5365521750457659,139.7022174729443,815.5587964425016,0.0
10.0,5.450630459187399,-4.874202460247895e-08,149.5374593864777,838.9101145795609,0.0
11.0,3.467121341037882,9.724215318724074e-09,155.8533713466646,838.9101145079726,0.0
12.0,2.1974536117786503,6.179481639501969e-10,159.86353722299063,838.9101145179213,0.0
13.0,1.3896823026531138,-1.1635959686697317e-08,162.40235125168738,838.9101145323306,0.0
14.0,0.8776526045375284,-1.3259658918103648e-07,164.00681236813776,838.9101146841066,0.0
0.0,0.8622448979591837,67.85714285714286,0.0,0.0,0.0
1.0,2.6749907486950466,66.30594194103563,2.3285357601697463,0.11586237604720431,17.091836734693878
2.0,6.82243427617675,76.42867666281349,8.861948708396092,3.30041111574986,17.091836734693878
3.0,12.04323442309849,84.39002198891905,22.566125249710275,31.17249965390128,17.091836734693878
4.0,14.253106401638163,88.51905722900987,42.02154449916851,118.45897736328564,17.091836734693878
5.0,12.63555529169678,92.480066085969,61.72869077191673,250.00632423883596,17.091836734693878
6.0,9.337353707848612,98.985056188339,77.6172953525938,379.0206844700512,17.091836734693878
7.0,6.1645611197290116,108.69204397759914,88.69993696315282,478.45691577564537,17.091836734693878
8.0,3.814841515323195,121.06750205864233,95.77760539341843,545.4062164937584,0.0
9.0,2.2828100568045557,125.87347719186884,100.08185797014501,587.311192312778,0.0
10.0,1.3443409765514431,124.17110176881049,102.63644695304193,612.5778045377662,0.0
11.0,0.7847469740482982,123.17298428368056,104.13422795650804,627.5236178021484,0.0
12.0,0.4558113070022489,122.59180774242505,105.00634750042141,636.2701307715959,0.0
13.0,0.2640016337525529,122.25472259629065,105.51218156124517,641.3577701780736,0.0
14.0,0.15265855182986285,122.05964652185722,105.8049154900231,644.3069249391955,0.0
0.0,0.8989795918367347,10.714285714285714,0.0,0.0,0.0
1.0,2.561677816432559,9.182648474945704,2.3090255694397372,0.5600862205433613,0.0
2.0,6.043655968011938,5.227206428270718,8.2844480156752,6.337309269646097,14.33673469387755
3.0,10.256821408507756,5.576287592868399,19.982743343293834,39.04310251936609,14.33673469387755
4.0,14.23649989805191,8.118506606447163,37.79805921686471,118.28048083368512,14.33673469387755
5.0,15.979165281463162,7.831062118939674,59.86959293410392,260.7223141125531,14.33673469387755
6.0,15.381042237725339,7.064830312132685,82.67725108090148,443.1134135645421,14.33673469387755
7.0,13.451838894805375,7.595407355814657,103.53097190332672,631.4203624498417,14.33673469387755
8.0,11.129528455473187,10.195564226272058,121.23809455766826,805.3775188818015,0.0
9.0,8.774014314744127,2.465144151235283,135.58603245765448,949.1000498109474,0.0
10.0,5.827722042583314,-6.2403764591175164e-09,146.099476876673,975.1076706830767,0.0
11.0,3.7157944441323574,-4.013904686171241e-09,152.86008960057194,975.1076707239508,0.0
12.0,2.359760547393057,6.596543041983696e-08,157.16201909047481,975.1076706377124,0.0
13.0,1.494966355525936,2.1488608560506992e-08,159.8906507115849,975.1076706934573,0.0
14.0,0.9456857151201421,6.530904625659791e-09,161.61799626783633,975.10767071222,0.0
0.0,0.2928571428571428,27.857142857142858,0.0,0.0,0.0
1.0,0.9175638199873419,27.33124541738445,0.7902755748240591,0.02932046003730737,0.0
2.0,2.6800326838884563,25.741316427117596,3.179664056891145,0.3961726937780944,9.13265306122449
3.0,6.607004401659442,23.819978448458645,9.569668992915323,4.9134899111676855,9.13265306122449
4.0,12.290788296199025,23.944469900138728,23.109662624661095,35.79437694988383,9.13265306122449
5.0,16.780217530839924,18.93614801539039,44.37028974387022,137.33481118122052,9.13265306122449
6.0,18.03287791279233,11.14868080814121,69.8365105069322,318.58358808603106,9.13265306122449
7.0,16.424652675142497,3.6774049945720666,94.92953198389571,531.9129420287943,9.13265306122449
8.0,12.328393433597098,0.15397733612404987,115.95441699425668,653.5794633724893,9.13265306122449
9.0,8.553837033894268,0.8238440140840291,130.75685219310625,710.2086257306554,9.13265306122449
10.0,6.310744139059436,3.127400116234684,141.3344337367657,795.8369881315568,9.13265306122449
11.0,4.781361628614969,7.030699725582882,149.26338670726042,876.1185368895033,0.0
12.0,3.629250724980413,8.07241811410864,155.2844829654978,941.4090136359913,0.0
13.0,2.71538412758715,5.067095221321563,159.82739626734656,990.0662361257301,0.0
14.0,1.992230701188547,2.8499159105066463,163.19633364141802,1024.2585537080552,0.0
0.0,0.25612244897959185,75.0,0.0,0.0,0.0
1.0,0.823632370199256,74.53238078971388,0.7018978987908648,0.007462685143173049,0.0
2.0,2.468081089356525,73.08158247491636,2.8795696680884952,0.18813292717918956,5.459183673469388
3.0,6.202014606339774,72.84477562125932,8.83713876388322,3.268451721187761,5.459183673469388
4.0,11.450644986756336,69.85221436449044,21.52360778010068,28.090663272129433,5.459183673469388
5.0,15.36613892103935,62.24756242233321,41.134182333352804,113.79333495917282,5.459183673469388
6.0,16.636512138725234,52.157833421957996,64.47797860241039,271.48639333303225,5.459183673469388
7.0,15.819700111320708,41.924152253901354,88.04240789386954,472.2784562387178,5.459183673469388
8.0,13.819935785362036,33.11507458763718,109.47350130635922,679.9210907077503,5.459183673469388
9.0,11.400472386852979,26.478912759064233,127.6471817435937,869.5151979679957,0.0
10.0,9.041753852787528,17.708161522820525,142.34072433762466,1029.3403387724404,0.0
11.0,6.959529157240279,10.081790741613503,153.8225292849693,1155.987733160839,0.0
12.0,5.206755513630019,4.309888191145868,162.54413966743027,1249.9283575593208,0.0
13.0,3.6775381415156025,0.20239346185094556,168.93483365083463,1304.0779299878468,0.0
14.0,2.3141066271868986,-2.2011035031810943e-08,173.17718333847557,1304.7387546792872,0.0
0.0,0.55,25.0,0.0,0.0,0.0
1.0,1.6916733637817483,24.020660607134573,1.4720062062764787,0.0949073242901883,0.0
2.0,4.608217332044125,21.190873621651708,5.726087473587607,1.570192788897127,10.051020408163264
3.0,9.86615411268923,23.74365848174035,15.918639141225233,15.906427159774227,10.051020408163264
4.0,15.381974511426622,21.577266974548916,34.28458587862298,82.38062133081799,10.051020408163264
5.0,18.13440743873875,15.304005325986463,58.8375742641637,234.40297309892247,10.051020408163264
6.0,17.648348902915153,8.035286968259522,84.93261385278232,446.00224493767104,10.051020408163264
7.0,15.00699027094678,2.453374869179436,108.63946069859958,655.6891005118819,10.051020408163264
8.0,11.115359731648205,0.5575557690019457,127.52041466688009,782.2885533204854,10.051020408163264
9.0,8.00735916126253,2.018243284349822,141.1079638552438,874.5565194694459,0.0
10.0,5.990532179563588,4.687856183673885,151.1011880345959,971.0571748214496,0.0
11.0,4.273818136470012,0.020461076491615715,158.50991024605472,1030.9442523223595,0.0
12.0,2.7030627085207346,1.9341757025243343e-09,163.44872590324738,1030.9746245211436,0.0
13.0,1.7050272053512878,6.979705909756111e-08,166.56811666640897,1030.9746244398261,0.0
14.0,1.0737694712176902,-1.1882791660069632e-09,168.53415927712138,1030.9746245290055,0.0
0.0,0.3112244897959184,66.42857142857143,0.0,0.0,0.0
1.0,0.9962660737969623,65.86165610499565,0.8510157983167552,0.012305874566812973,0.0
2.0,2.9425663811705065,64.11976871771543,3.4658571575443635,0.3123552619881955,0.0
3.0,7.184826170948711,59.46243548814023,10.45751259849884,5.070674104870353,5.76530612244898
4.0,12.917819676569813,54.94170922897607,24.928895779790366,39.476663929217096,5.76530612244898
5.0,17.059090190144055,46.10234894620327,46.857575618810934,148.30491885878087,5.76530612244898
6.0,18.108461123581797,34.76903602865545,72.53740743792886,336.8231473695003,5.76530612244898
7.0,16.736712965076503,23.694274103214862,97.84130383488325,564.4740929547148,5.76530612244898
8.0,14.161144384996323,14.61499823967955,120.16768582019058,787.5132179486267,5.76530612244898
9.0,11.28777596807942,8.22094590089718,138.48961252137536,979.0068598012922,5.76530612244898
10.0,8.60235395877785,4.543276879358863,152.7708001955672,1127.7594895233308,0.0
11.0,6.333369078066677,2.6852961264316875,163.46652057474284,1234.9984780351247,0.0
12.0,4.180569429852798,3.699392451435701e-08,171.03977314905535,1265.0353259999697,0.0
13.0,2.6230672726084205,-1.7474397975661374e-08,175.8527437213432,1265.0353260697393,0.0
14.0,1.6420830879268982,5.904587968936271e-10,178.86917431519686,1265.0353260470235,0.0
0.0,0.6418367346938776,53.57142857142858,0.0,0.0,0.0
1.0,2.0105824801244827,52.41350542744216,1.73852358544906,0.06687991314413327,0.0
2.0,5.458865269257,49.04457328523554,6.796904406362197,1.798028243722677,0.0
3.0,11.253189314919238,41.14988644577403,18.65209779552117,20.814227103702066,10.663265306122447
4.0,16.62092162451448,31.848444013815392,38.99907623811576,103.76154040034804,10.663265306122447
5.0,18.798180014968786,25.25430525596882,64.93054788981138,277.0027079584741,10.663265306122447
6.0,17.91287991846858,18.146044686072017,91.64994836420671,506.27785380411325,10.663265306122447
7.0,15.370652607590376,12.808464756130466,115.7302502845039,740.5937417074738,10.663265306122447
8.0,12.359300124271712,10.216756555488821,135.70094069583638,947.5443199933461,10.663265306122447
9.0,9.554708464647074,10.444989602325942,151.43096726352755,1116.921696246175,10.663265306122447
10.0,7.222761675529199,13.130754553748957,163.44928670921905,1250.9178366249134,0.0
11.0,5.3708641649530575,8.88718598998904,172.4651905127082,1353.2963142622684,0.0
12.0,3.913193413040279,4.493584645983723,179.10675567655636,1426.466252600579,0.0
13.0,2.764088248333904,1.368155743625305,183.88412613869883,1473.0952578581566,0.0
14.0,1.7892613924616827,9.527211516942544e-07,187.14459402353376,1485.2290142241873,0.0
0.0,0.8071428571428572,43.57142857142857,0.0,0.0,0.0
1.0,2.4955237640178796,42.124595756550264,2.172781961283344,0.12635695450628207,12.806122448979593
2.0,6.525910203365826,50.43707488098147,8.331321905875294,3.023923180913933,12.806122448979593
3.0,12.568167210771316,54.13561320403066,22.00559769884899,30.1031481904339,12.806122448979593
4.0,17.21392526203438,52.411693594408135,43.8209928536815,130.0908396616,12.806122448979593
5.0,18.428697056056855,47.860931359000034,69.88226615476884,315.2671374393662,12.806122448979593
6.0,17.027948276692825,43.51712507382763,95.63538559883048,544.4550932118602,12.806122448979593
7.0,14.408720211822743,41.20051779160609,118.34637670526443,772.6803809098942,12.806122448979593
8.0,11.530776153261401,41.57524706185039,137.01612397422335,973.9957808987574,12.806122448979593
9.0,8.876354631483128,44.62527678022741,151.66735689656437,1139.0766398879898,12.806122448979593
10.0,6.614787114473946,50.0365521577767,162.77143598845922,1267.8726435772326,12.806122448979593
11.0,4.747150722192789,57.42320602330916,170.90826576405314,1364.1355548032227,0.0
12.0,3.2977054961179455,56.48243035646593,176.6356399483569,1432.7759418065118,0.0
13.0,2.310352100029315,53.82261751746056,180.6289768970547,1480.9847026577493,0.0
14.0,1.6272829532666595,51.95402091588121,183.43452189821863,1515.0155904381622,0.0
0.0,0.8806122448979592,62.142857142857146,0.0,0.0,0.0
1.0,2.72830033668809,60.56006149939754,2.3761284851361633,0.12681509286607434,11.581632653061224
2.0,6.990020105779101,65.21506466432245,9.04788033943973,3.5353252683901744,11.581632653061224
3.0,12.780024599473549,67.29587597062485,23.309775962163553,33.80116443289331,11.581632653061224
4.0,16.47457900472465,64.56988896533795,44.78742406688346,135.15484337139762,11.581632653061224
5.0,16.85264080539732,59.940098694634266,69.12409156723444,308.405047186475,11.581632653061224
6.0,15.147645698148175,56.06575653135341,92.32808225517165,512.5814631850628,11.581632653061224
7.0,12.600391897548091,54.308941436396395,112.35394111567152,710.4830993521975,11.581632653061224
8.0,9.932949415694958,55.0926871245808,128.5656389529279,882.0096152795724,11.581632653061224
9.0,7.482042290723099,58.34645249426611,141.06850761093278,1020.0464650501407,0.0
10.0,5.373040198665754,60.95976736540713,150.2747169856555,1124.5236166689342,0.0
11.0,3.846411514765961,56.584188361843054,156.84367192490186,1200.3520615076561,0.0
12.0,2.781481217297043,53.434951072422564,161.57182268398657,1255.5183800566142,0.0
13.0,2.020682407907911,51.15208830628142,164.99939146425905,1295.7984012645636,0.0
14.0,1.4710864911606938,49.49181910183745,167.49226997109596,1325.2393188691954,0.0
0.0,0.4581632653061225,36.42857142857143,0.0,0.0,0.0
1.0,1.436059714193184,35.603805432355486,1.2388665612292438,0.04613863034221317,0.0
2.0,4.051276734630615,33.154427327071005,4.918279441786276,0.9223308935186879,0.0
3.0,9.099637202661254,27.027150319242047,14.124520041736663,11.49574260272624,13.112244897959185
4.0,14.75932207081966,15.902731944833459,31.455154544695034,68.69311722835324,13.112244897959185
5.0,17.840741046495328,13.148972920193993,55.335207078810484,209.53679672170784,13.112244897959185
6.0,17.694875789207366,9.05890445708064,81.2563606146364,414.0190297061067,13.112244897959185
7.0,15.486602675970696,6.2454863191080205,105.30595257944803,631.503168753163,13.112244897959185
8.0,12.58112156725423,5.98751394602212,125.53164811897862,826.8482445977615,13.112244897959185
9.0,9.845226083566635,8.443809154935629,141.63171665458543,992.1125205591958,13.112244897959185
10.0,7.555537911008167,13.281135371198221,154.10379809546825,1127.8822434493259,13.112244897959185
11.0,5.719441006303388,20.075366679611477,163.6101698141386,1235.7842490299984,0.0
12.0,4.280406774643157,20.399742795033674,170.76649253998008,1319.0410629037808,0.0
13.0,3.172066102127669,16.85612443291737,176.09623103708932,1381.3902155083074,0.0
14.0,2.332841771273543,14.241328926819369,180.03106672064507,1427.438239724476,0.0
0.0,0.5316326530612245,55.0,0.0,0.0,0.0
1.0,1.6761729913032937,54.0382808595517,1.4439017478183733,0.04361518892564752,0.0
2.0,4.673522291120568,51.191807033260346,5.717670978210128,1.159735075018553,0.0
3.0,10.127786806437653,44.249649499540425,16.141837183692058,14.81667487729918,14.03061224489796
4.0,15.779085909314384,32.98401693568719,34.998054710877284,82.96075613024034,14.03061224489796
5.0,18.561992733784855,30.273042836446205,60.149926518304305,240.5599510315136,14.03061224489796
6.0,18.158659516683596,26.500277305404538,86.90214732433742,463.06793082134914,14.03061224489796
7.0,15.890714619622528,24.127573947361373,111.55606020373192,701.1148804260802,14.03061224489796
8.0,12.997020334900325,24.306893736656225,132.3763169203206,919.7940191826873,14.03061224489796
9.0,10.189916477958215,27.252965374212252,149.03576932564008,1104.1956686097203,14.03061224489796
10.0,7.766678597234651,32.714422841759585,161.91122498587262,1251.88127108667,0.0
11.0,5.790871214585508,39.994425002063046,171.6202197084696,1366.0731654606918,0.0
12.0,4.260244021180679,35.21150919665959,178.80414606777885,1451.8466888503856,0.0
13.0,3.1169143635503187,31.70275986954499,184.07514274552705,1515.2604764829132,0.0
14.0,2.270029804060761,29.141808096906807,187.9228875779974,1561.7722515588664,0.0
0.0,0.5867346938775511,13.571428571428571,0.0,0.0,0.0
1.0,1.736335129735039,12.551580571584513,1.5356310257379326,0.21549476269222445,18.92857142857143
2.0,4.523534227318382,11.851325493866867,5.791654831014573,2.4002952868721814,18.92857142857143
3.0,9.59695239936751,24.181503320847803,15.71601310813908,16.713244217517403,18.92857142857143
4.0,15.120833407266275,31.16153260530006,33.67056348808832,80.09879391202226,18.92857142857143
5.0,18.080074125012164,33.90854735313779,57.979906072924635,228.2365686728776,18.92857142857143
6.0,17.910015619037182,35.37482967516395,84.21116950461504,442.6138615666333,18.92857142857143
7.0,15.79259026134396,38.04738436063867,108.62860066465907,676.5028921408751,18.92857142857143
8.0,12.929692652216481,43.18207674665352,129.34512444404743,893.879903899134,18.92857142857143
9.0,10.010464600959585,51.12154083693802,145.84645689398528,1076.976508973668,18.92857142857143
10.0,7.272135845038963,61.777465703029655,158.2665494625811,1219.8048039831613,18.92857142857143
11.0,4.722957808494762,74.9700024740705,166.8769755632019,1321.1276155902149,0.0
12.0,2.6075073650811422,86.57713644381283,172.06850550675586,1383.089762328167,0.0
13.0,1.3796533031308023,84.72818438153979,174.84355212942052,1416.4512256890603,0.0
14.0,0.736357009969941,83.74572058218739,176.3181225767513,1434.2387995215795,0.0
0.0,0.6602040816326531,23.57142857142857,0.0,0.0,0.0
1.0,2.013399445165291,22.400608103144517,1.7600517487688399,0.1399361795498808,0.0
2.0,5.332240602564793,19.081067195054263,6.751392498068576,2.3562382868071845,12.193877551020407
3.0,10.748125375710597,13.09910902005465,18.188133393228775,22.702014244288435,12.193877551020407
4.0,15.72112085579533,12.470793453585122,37.494499745588925,102.1842377061296,12.193877551020407
5.0,17.719074005687766,8.415590516310601,61.98503045532675,261.59741394938277,12.193877551020407
6.0,16.644492001986585,4.0513212092310695,87.03287828072145,463.7842400599031,12.193877551020407
7.0,13.708503756441786,1.8636936511294977,109.02029605934901,645.9704415441369,12.193877551020407
8.0,10.584056011551189,2.7275893998938248,126.43803483709794,790.945885134553,0.0
9.0,7.140938591166055,-4.5482658716057276e-11,139.2520278766148,827.1313332218451,0.0
10.0,4.574477283065097,2.138741958264432e-08,147.55505528010295,827.1313331909358,0.0
11.0,2.915210544626931,1.4055338597284147e-09,152.860153213784,827.1313332158825,0.0
12.0,1.851997725058026,-8.23096892492106e-09,156.23556522743166,827.1313332281894,0.0
13.0,1.174298649800209,-1.0333416197054986e-08,158.37783636363312,827.1313332309244,0.0
14.0,0.7437040795279026,1.50321019565108e-08,159.73537414757294,827.131333199174,0.0
0.0,0.8255102040816327,77.85714285714286,0.0,0.0,0.0
1.0,2.5652700573409954,76.37024554883087,2.231792148960206,0.0982774718630308,0.0
2.0,6.585087208449084,72.18791277281011,8.509515354077317,2.9640671138516073,17.704081632653065
3.0,12.085841982529498,76.38997609907705,21.99823537718915,29.49291252873718,17.704081632653065
4.0,14.959728884607916,80.77719685708087,41.98618981253689,118.41443511710264,17.704081632653065
5.0,13.770217401327978,84.43172013423055,63.07330467265178,260.39748998397897,17.704081632653065
6.0,10.425172277466578,90.44801295960208,80.61506392152083,405.3691501460108,17.704081632653065
7.0,6.90816048850814,99.87830192941998,93.03232059672617,519.243651659709,17.704081632653065
8.0,4.214671202219035,112.32596108397128,100.92069974373875,595.6397918986712,17.704081632653065
9.0,2.4647244287051326,126.89262772461949,105.62880500133566,642.5890861011718,0.0
10.0,1.4133522049635796,132.6633476453041,108.35403402104633,670.2014699737713,0.0
11.0,0.8032139906714557,131.62664907933848,109.90966974406328,686.0986111977426,0.0
12.0,0.45425524411706086,131.0389285536558,110.79158614358174,695.1535185578135,0.0
13.0,0.2562129935175191,130.70701195404837,111.28965130927718,700.2807784384723,0.0
14.0,0.14429232400835995,130.5199414174624,111.57036451154173,703.1747638777586,0.0
0.0,0.6785714285714286,37.85714285714286,0.0,0.0,0.0
1.0,2.1043625243445305,36.64045005548143,1.8274892183336493,0.09654313332892606,0.0
2.0,5.637694604846371,33.14212660430171,7.082500472881239,2.183964813122781,18.316326530612244
3.0,11.463277877267812,39.821801899631225,19.228042545325238,22.857004328628367,18.316326530612244
4.0,16.721218746432406,44.426389111034055,39.819763148319346,108.40555523432347,18.316326530612244
5.0,18.659511588474313,45.48826537249568,65.73012011743617,283.25548541401645,18.316326530612244
6.0,17.559377254979236,46.25359597875128,92.08536982347427,511.9220851697445,18.316326530612244
7.0,14.878604175444416,48.942849249904015,115.55074117195781,744.9229582381107,18.316326530612244
8.0,11.713262976464614,54.49678721807332,134.71297998891413,950.5102594071109,18.316326530612244
9.0,8.576373985045151,63.093656595511014,149.30468667773644,1114.6031111767245,0.0
10.0,5.695867421532996,68.62671498648639,159.51464401476474,1232.8204638593618,0.0
11.0,3.7769412060236167,64.15729889405277,166.2238189773082,1311.8030225601826,0.0
12.0,2.5621479759605683,61.158671904445455,170.72534942268427,1365.3100104676664,0.0
13.0,1.7600678297617143,59.11134522492226,173.79889310618046,1402.0673256467828,0.0
14.0,1.2178732716357723,57.69973114768724,175.91812700229636,1427.5135798229862,0.0
0.0,0.23775510204081635,12.142857142857142,0.0,0.0,0.0
1.0,0.7107739396107344,11.728811614120733,0.6236702590758352,0.0725621984430724,0.0
2.0,2.006488953155394,10.526708362164216,2.434935116572997,0.5249715962026786,5.153061224489796
3.0,4.987199174549037,11.823936065014282,7.21465435914048,3.7485044678339214,5.153061224489796
4.0,9.837366280643245,9.986709384868101,17.747055375384917,23.666942508621,5.153061224489796
5.0,14.117054500398567,3.527650964470791,35.30249939434524,96.49682473296143,5.153061224489796
6.0,12.181218845613989,0.039110693380992094,55.09896084345597,147.36563262517976,5.153061224489796
7.0,8.891172295698944,0.07406865242266383,70.18088951319118,159.52813064573155,5.153061224489796
8.0,6.420147977586138,0.19706340080582593,81.10235830925895,177.42728157370402,0.0
9.0,4.515881438570136,1.001514491359942e-09,88.96331525060634,188.20107308924824,0.0
10.0,3.061594208041296,-3.1865692491408715e-08,94.35477241740101,188.20107455284602,0.0
11.0,2.0622407350911995,-2.5465103928877433e-08,97.99822141689197,188.20107522676395,0.0
12.0,1.3833495331343546,-1.502671282941008e-08,100.44727649756078,188.2010749844633,0.0
13.0,0.9254625686110527,4.070989373425728e-09,102.08787962557354,188.20107496105248,0.0
14.0,0.6180513090924857,9.748922548975323e-09,103.18447471820585,188.20107492458789,0.0
0.0,0.9540816326530612,49.285714285714285,0.0,0.0,0.0
1.0,2.935197745587563,47.57766839110062,2.564714150627705,0.17120025358384577,0.0
2.0,7.443829782324162,42.827342222131264,9.698092413437026,4.409447434271593,19.54081632653061
3.0,13.698281664815346,40.07947859315886,24.90551798782273,40.2117189437954,19.54081632653061
4.0,18.118923409828184,44.091016437267804,48.226838785509926,158.02616447802944,19.54081632653061
5.0,18.885462716818623,45.61465407086163,75.28269339628974,361.02903006184397,19.54081632653061
6.0,16.996022232828437,47.8032929787627,101.33892986734097,600.7603164943968,19.54081632653061
7.0,13.922100232404588,52.469264480709036,123.67360962804732,830.3915537266499,19.54081632653061
8.0,10.55632862278994,60.267139976300406,141.30379552779308,1023.7664571000388,0.0
9.0,7.547981868224557,57.2516319994029,154.2133703339403,1170.9582725109879,0.0
10.0,5.481725257587315,51.06156420990074,163.50705384406473,1279.2938283038427,0.0
11.0,4.00456745358395,46.550590004889784,170.2804520817478,1359.3460306417771,0.0
12.0,2.926617538483164,43.25408182352769,175.23072296416083,1418.3797545476075,0.0
13.0,2.1362162771430637,40.84636397450684,178.84659527813392,1461.7602937283757,0.0
14.0,1.5569290531052395,39.0902725509931,181.48402823107966,1493.5318561054369,0.0
0.0,0.7520408163265306,15.0,0.0,0.0,0.0
1.0,2.2226829147765503,13.691182507873563,1.970073616781289,0.28459276831931385,9.744897959183675
2.0,5.634615901638386,13.603031166606009,7.343763333863976,3.5772585046908385,9.744897959183675
3.0,11.083980847810215,15.443825686584898,19.23932086103616,26.350106986511108,9.744897959183675
4.0,15.947030934009442,12.07506124525969,38.980189461996254,110.56427187414636,9.744897959183675
5.0,17.61033568550751,5.513591329927853,63.58466539499791,273.64507906049346,9.744897959183675
6.0,15.070374275802028,0.10425375216345927,87.78213846810773,426.8608390917094,9.744897959183675
7.0,10.616008626773787,0.3995811030751378,106.05797191147457,471.63057574214236,9.744897959183675
8.0,7.892320432015689,1.8925205756034642,119.21035464050776,554.2802941543973,9.744897959183675
9.0,6.137392063191936,5.058166779840032,129.2419213398226,646.1199059838742,9.744897959183675
10.0,4.808976332778405,9.611855838942471,137.0851410343928,726.5921911134365,9.744897959183675
11.0,3.753406843654329,15.282698204613792,143.22161760254548,792.7830658979381,0.0
12.0,2.911136274504432,19.068584767556548,147.99713400350637,845.7435761522207,0.0
13.0,2.240194172780749,16.615340010021626,151.68733010996542,887.03422003118,0.0
14.0,1.7121603923422257,14.734630022132961,154.5174046796089,918.7654349736109,0.0
0.0,0.4397959183673469,29.285714285714285,0.0,0.0,0.0
1.0,1.3696100646468725,28.497483199187567,1.1843929364707206,0.05392598948647223,0.0
2.0,3.8561839471563424,26.166269256621607,4.687614702292023,0.9144195390093255,0.0
3.0,8.706725950435615,20.32284123566587,13.471711200654001,10.811611861298871,19.23469387755102
4.0,14.325725870090205,21.59675076742395,30.152158202323193,63.8316344975858,19.23469387755102
5.0,17.773283896720432,25.200789468346656,53.64761615399888,197.90776164616153,19.23469387755102
6.0,18.06769775222071,27.03952992886496,79.79146913127288,403.4546493204339,19.23469387755102
7.0,16.225381710407177,29.727035456978346,104.65627619757868,636.011611841491,19.23469387755102
8.0,13.493285831586293,34.686922534415295,126.102101615773,857.5960919673319,19.23469387755102
9.0,10.653064624632902,42.35659718169892,143.47244557870525,1048.4197459779746,19.23469387755102
10.0,8.031262490817603,52.65388352472975,156.8928586521602,1201.815972170374,19.23469387755102
11.0,5.642973627935525,65.34503614825559,166.71660096553066,1317.0766872210938,0.0
12.0,3.720427594545645,63.67223546786046,173.35178992270042,1396.1959605505538,0.0
13.0,2.5042590640316416,60.729153502403975,177.76996223692558,1449.3428654756299,0.0
14.0,1.7066693979535352,58.73550701490045,180.76293542676808,1485.5444241251,0.0
0.0,0.6051020408163265,19.285714285714285,0.0,0.0,0.0
1.0,1.831661993471653,18.218448149417426,1.6051689552502968,0.14889684260024633,0.0
2.0,4.864023510921502,15.198870997033518,6.148125734973927,2.1363901605442503,12.5
3.0,9.930551342457607,9.118319584662403,16.654099680853637,20.06447983811344,12.5
4.0,14.809763924387667,9.67417435694162,34.6617064296264,90.55240537438675,12.5
5.0,17.029912868252545,6.720996836373967,57.98204500937583,235.60598703099288,12.5
6.0,16.180803393737218,3.2371201811190686,82.21275733451648,423.2614600854026,12.5
7.0,13.403683306602643,1.7674253000997513,103.64124752747827,593.0528478020631,12.5
8.0,10.514369134195805,3.096799852698831,120.7907942296243,735.9322485498215,12.5
9.0,8.233235896296009,6.740318803392029,134.22504872757747,866.4028538795393,12.5
10.0,6.404050208501127,12.284292791783336,144.7171746614964,977.6367737152322,12.5
11.0,4.930719159447153,19.38735008771711,152.83904340685055,1067.824962453259,0.0
12.0,3.75681229212451,19.075875395932602,159.0613586295948,1138.6188649485266,0.0
13.0,2.834032687443874,15.939765275773595,163.77899467050185,1192.5722279690133,0.0
14.0,2.1212443276095008,13.584362321873874,167.32409142992333,1233.1451851508086,0.0
0.0,0.14591836734693878,52.142857142857146,0.0,0.0,0.0
1.0,0.46967224705330135,51.87678303787982,0.3994948469720039,0.004288136088886353,6.377551020408164
2.0,1.4561938718119172,56.82775363178779,1.661251974096377,0.05925087630509755,6.377551020408164
3.0,4.0588196249790425,60.73678840021239,5.367148633866437,0.9640889037127178,6.377551020408164
4.0,8.960257232467189,61.02750581574845,14.504846841060415,11.272314711915966,6.377551020408164
5.0,14.32252420003079,56.141151065014064,31.41507414603351,65.24090400860909,6.377551020408164
6.0,17.340623407850977,47.090981962268664,54.579086019376255,199.11641920516416,6.377551020408164
7.0,17.482315254066386,36.573081693772785,79.9527135536525,399.9686824499519,6.377551020408164
8.0,15.705407223383181,26.939997764408208,104.00684281475313,624.9371208884993,6.377551020408164
9.0,13.102665888587442,19.489327643878923,124.79443038724182,837.7045342412762,6.377551020408164
10.0,10.41173106411626,14.625819017420723,141.70614930381197,1019.380011718958,0.0
11.0,8.007122952658555,10.534644473008067,154.92205975175247,1164.9650064345221,0.0
12.0,5.971776698009675,3.9020631415686164,164.9454589175077,1273.0926302788698,0.0
13.0,4.089611299777698,3.769402784461239e-08,172.21151055023373,1321.6471387893089,0.0
14.0,2.5642856947400703,7.109146194047227e-10,176.91828249846327,1321.6471388284863,0.0
0.0,0.7704081632653061,69.28571428571429,0.0,0.0,0.0
1.0,2.4024197670881695,67.89674058589631,2.0849793535926158,0.08782259919143968,0.0
2.0,6.297319810249512,63.939555808849995,8.02526025738114,2.598716401411756,0.0
3.0,12.189558453535373,55.1356728986537,21.24219521746068,27.49351628412468,7.6020408163265305
4.0,17.06619513649303,42.06045298055078,42.622102989926795,122.9197847959354,7.6020408163265305
5.0,18.70867936654905,32.242839435892606,68.78690652292042,306.25956485197105,7.6020408163265305
6.0,17.545164525679333,22.305461660284536,95.144886805271,538.5523843975952,7.6020408163265305
7.0,14.934885686357042,14.294856557656928,118.62927067827479,771.0015711240188,7.6020408163265305
8.0,11.938053269018035,9.05322540809847,137.97979080060438,972.9795969708637,7.6020408163265305
9.0,9.14644816722785,6.6314463781526225,153.11433948985442,1133.6035037519403,7.6020408163265305
10.0,6.829786629575595,6.666215005847709,164.55306146455163,1256.3882211036764,7.6020408163265305
11.0,5.039517886730726,8.648856271924538,173.0389295468825,1350.0861146051254,0.0
12.0,3.674374985371975,4.9895262283420845,179.27134850973104,1419.1610914474336,0.0
13.0,2.613674205250555,2.036965435356033,183.7674107555054,1464.8907009880863,0.0
14.0,1.7555457320823524,0.10075141603382448,186.8972852121744,1485.787184351455,0.0
0.0,0.3295918367346939,73.57142857142857,0.0,0.0,0.0
1.0,1.0549447231906828,72.97083549940808,0.9015043761655692,0.012653317665755172,0.0
2.0,3.092879751946474,71.13260790264364,3.660759321486756,0.34726685690923426,0.0
3.0,7.400291527963776,66.28814172410613,10.932748701858213,5.593270780876851,11.887755102040817
4.0,12.874736751659682,65.61775936023557,25.595328332731036,41.620816399938754,11.887755102040817
5.0,16.188860222301606,63.30310547931713,46.91541145142768,148.1683177608854,11.887755102040817
6.0,16.3963734373757,59.35132975200897,70.69408197440852,321.18113188059937,11.887755102040817
7.0,14.662473656417793,56.2419087734415,93.20934956911755,520.9120852522797,11.887755102040817
8.0,12.144870975339773,55.244796532022754,112.55404539860012,712.557712617836,0.0
9.0,9.574816991024228,51.161807779044935,128.15417006376418,877.5611924362244,0.0
10.0,7.4685324782226665,43.02557043102334,140.37151602799662,1011.980207965922,0.0
11.0,5.764580898373997,36.71087896180718,149.8554573435346,1118.9300351483382,0.0
12.0,4.401458947696927,31.86357898927698,157.13702802385004,1202.3538880197807,0.0
13.0,3.3303879006271453,28.179831411439977,162.67186368022863,1266.413088063398,0.0
14.0,2.50213740194234,25.402884469479226,166.84506480936673,1315.0267576919566,0.0
0.0,0.7887755102040815,30.714285714285715,0.0,0.0,0.0
1.0,2.415595488996782,29.309420461084073,2.110809300017512,0.15479759813849833,0.0
2.0,6.280321896876339,25.357631008361977,8.049355688547944,3.1769560938093537,15.86734693877551
3.0,12.140789960745927,16.756588025598614,21.225276707000923,30.09368197285422,15.86734693877551
4.0,16.933189047506794,18.496415751939477,42.47527094294394,127.19132963500593,15.86734693877551
5.0,18.50258598646257,17.13331533104121,68.39305846801436,308.3552836832834,15.86734693877551
6.0,17.3078046721993,15.69985312554378,94.42379997633876,535.4051837372899,15.86734693877551
7.0,14.750020535773265,16.170103574791263,117.592895387189,763.2463406605001,15.86734693877551
8.0,11.886808942014381,19.2918562477725,136.76622111173637,966.1113146600491,0.0
9.0,9.248662125057807,20.209509031247446,151.94053723021113,1134.728381800677,0.0
10.0,7.011895250729005,12.462931073817273,163.59665971115302,1266.6999669909528,0.0
11.0,5.197999575537997,6.6660017910955585,172.33898667525992,1364.6885095575656,0.0
12.0,3.7507527809391554,2.4461331600194627,178.74400176475268,1431.8733168756812,0.0
13.0,2.507520645774223,3.876517589643115e-05,183.24341779967085,1458.8012010014327,0.0
14.0,1.56331289639946,-7.382204132368914e-09,186.12144819875508,1458.8012493552756,0.0
0.0,0.10918367346938776,22.142857142857142,0.0,0.0,0.0
1.0,0.34207713370213855,21.947277854433228,0.2940343230332111,0.010861534203527054,19.846938775510203
2.0,1.051383729822549,35.7197537963466,1.2052678904326317,0.061081659440302256,19.846938775510203
3.0,3.0385731444955417,53.75405190118045,3.927192109811737,0.5047368510233432,19.846938775510203
4.0,7.256162551539214,68.84501706701374,11.066867144624007,5.895578435227992,19.846938775510203
5.0,12.220565558751618,79.24537652751859,25.246210984635884,40.36278762886426,19.846938775510203
6.0,14.067326077122535,86.13893915368396,44.68799803471725,134.3399857205188,19.846938775510203
7.0,12.205349410451722,93.16268131622073,63.93355424671114,267.12787817512765,19.846938775510203
8.0,8.832982243000389,102.88588673150498,79.12694881485538,392.4488453493042,0.0
9.0,5.797641060611269,99.98936358027032,89.55307704915222,486.68918727650396,0.0
10.0,3.6811354429659593,95.5110955279099,96.27391572635678,550.4547814456641,0.0
11.0,2.3075802397292278,92.68741602869885,100.51168571104262,591.7596119950056,0.0
12.0,1.4400165900646598,90.92177080023046,103.1615960402714,617.992993202533,0.0
13.0,0.8973918011359798,89.82081659700815,104.81394104777934,634.5027058510886,0.0
14.0,0.5590857306598538,89.13484997595477,105.84346595811088,644.8470294849741,0.0
0.0,0.5683673469387756,20.714285714285715,0.0,0.0,0.0
1.0,1.7306000874909389,19.708516700765063,1.5123864811515266,0.1235540088286044,0.0
2.0,4.653286128694016,16.836112725875388,5.832806817920165,1.819985687722594,6.683673469387755
3.0,9.715484438617585,11.379488291611716,15.999139529612155,17.771394752975016,6.683673469387755
4.0,14.620346035612211,6.288757715718414,33.76113209641231,85.82834823277447,6.683673469387755
5.0,14.62364493290606,0.04510859195459563,55.95013677370283,186.12506390389856,6.683673469387755
6.0,10.646002916750634,0.0912775481677751,74.0389415964587,203.18579546204342,6.683673469387755
7.0,7.682323737838881,0.28713466453957415,87.10264295760294,230.32740623589748,6.683673469387755
8.0,5.806869490314399,1.1295746126162085,96.695844057179,278.19924044754043,6.683673469387755
9.0,4.653301408127159,2.9643815667155042,104.17176746901477,336.5420694883871,6.683673469387755
10.0,3.8150564883968023,5.649098912407782,110.24409414096668,391.77932749989503,0.0
11.0,3.1325890913691254,6.1665751607290575,115.2342789760003,440.05820440002344,0.0
12.0,2.514550160205851,3.488557940246624,119.29403913110495,478.6803443435234,0.0
13.0,1.941135389934981,1.3982188839869936,122.49814602383134,506.31704436412736,0.0
14.0,1.3704669031905647,0.019543911128425753,124.8864599703609,518.1683959761588,0.0
0.0,0.9173469387755102,60.714285714285715,0.0,0.0,0.0
1.0,2.83600739224256,59.06706068565171,2.4729004636024667,0.14115879886597363,0.0
2.0,7.236252653200822,54.46063992989711,9.388621236780692,3.929289650302697,0.0
3.0,13.428332006007201,44.57208459444602,24.23648203133068,37.34352491842542,18.01020408163265
4.0,17.98271842497407,35.321557458121006,47.23913625966806,151.39389054372236,18.01020408163265
5.0,19.010399023687917,35.32853963441551,74.28210569774926,352.1254980226313,18.01020408163265
6.0,17.376844156545257,35.74752357956271,100.70620349147815,593.5641025460709,18.01020408163265
7.0,14.546461182722105,38.407678460442106,123.7625654464185,829.5782090293145,18.01020408163265
8.0,11.495416332120303,43.93961010348848,142.5029345911315,1034.73503368575,18.01020408163265
9.0,8.663095335517847,52.3085235558314,156.98006773541059,1200.0778394810889,18.01020408163265
10.0,6.131937071534761,63.24507600897093,167.59983775313648,1324.7646661174647,18.01020408163265
11.0,3.861958969600982,76.48513136013258,174.76024777069264,1410.3565503819016,0.0
12.0,2.088481780019345,85.08676539696637,178.95279097646105,1461.0252773675716,0.0
13.0,1.1047224355265541,83.60591847409536,181.17537960395146,1488.0295227690747,0.0
14.0,0.5889172173054322,82.8196145081564,182.3555419385337,1502.4047849148521,0.0
0.0,0.21938775510204084,16.42857142857143,0.0,0.0,0.0
1.0,0.671580215705237,16.040795153000268,0.5834559284196179,0.04148428599132016,0.0
2.0,1.9495635282240398,14.88534633732655,2.3222360107031963,0.3417614166522319,0.0
3.0,4.9455729280737515,11.757008983009618,7.032436704875485,3.180351568625262,9.438775510204081
4.0,9.633479464297492,6.885686621126936,17.43556941043003,23.836612133068442,9.438775510204081
5.0,13.85010378201963,4.994361195275856,34.56862556858785,94.51360729002205,9.438775510204081
6.0,14.71206501797192,0.6464138867036034,55.73789536626817,217.93530704184337,9.438775510204081
7.0,11.172016009977298,0.27298067936949777,74.37832447001297,264.6275582453916,9.438775510204081
8.0,8.653401713558477,1.1419279368665116,88.49740872985711,332.78931977125234,9.438775510204081
9.0,7.082557187172552,3.267384077490049,99.75786554201038,420.1411472325444,9.438775510204081
10.0,5.881005366669272,6.568406858068405,109.06479510305003,505.1477607838425,0.0
11.0,4.850337147410116,7.6229959474956335,116.77718276388192,580.737235717213,0.0
12.0,3.88343404319325,3.473416227011811,123.06053964016563,641.6396480145008,0.0
13.0,2.9036165497145516,0.32455480916114554,127.9616883811582,679.8597207573152,0.0
14.0,1.8915395119368563,1.7807250517552002e-08,131.37080504975475,681.2120508627925,0.0
0.0,0.623469387755102,72.14285714285714,0.0,0.0,0.0
1.0,1.9607521855010948,71.01479392878277,1.6932768260312532,0.052383732574686176,16.785714285714285
2.0,5.30675929173928,72.69745219382496,6.622626997822455,1.5810207614828247,16.785714285714285
3.0,10.48908943691074,81.9426644566637,17.940615024649585,18.371254921063837,16.785714285714285
4.0,13.864778009139142,86.74460198411315,35.92689097346968,85.86396567382423,16.785714285714285
5.0,13.289988439316156,90.22068766473316,55.902624676308335,207.44380371557858,16.785714285714285
6.0,10.345672425664896,95.57112583968828,73.06480857712903,340.3080180160119,16.785714285714285
7.0,7.060252733438084,104.03549625065301,85.55311495754238,449.53231029616376,16.785714285714285
8.0,4.451403111531738,115.36770121919538,93.73713262545029,525.8560175217685,0.0
9.0,2.6888321020924097,127.76341897963299,98.78453612855166,574.5970248632436,0.0
10.0,1.5906623359604177,125.75370152307116,101.80029975509531,604.2832766515555,0.0
11.0,0.9310802184974106,124.57107965760007,103.57494035624629,621.9388832996897,0.0
12.0,0.5417347181287906,123.88094062290877,104.61056485557225,632.3045688153072,0.0
13.0,0.31412373938775584,123.48008805342991,105.21208684577311,638.346040179215,0.0
14.0,0.18178697447143122,123.24788426172054,105.56053371745541,641.8526351044984,0.0
0.0,0.9908163265306122,70.71428571428571,0.0,0.0,0.0
1.0,3.051829294116111,68.93664615116313,2.6683688228559896,0.15904185852383235,11.275510204081634
2.0,7.589743052186755,70.82713949688807,10.021587627975375,4.505669164580252,11.275510204081634
3.0,13.168566112371368,72.06789355612457,25.084181432995397,39.691957172234204,11.275510204081634
4.0,16.123123677871106,69.00153801138238,46.612192265748774,146.0913027858133,11.275510204081634
5.0,15.86068245599003,64.73385942631816,69.94441939841953,314.8622725063743,11.275510204081634
6.0,13.844891590866064,61.67766162672099,91.45902536213411,504.27456442355725,11.275510204081634
7.0,11.228619729106413,60.909940497101026,109.53865628945636,681.6579588269199,11.275510204081634
8.0,8.603935887274044,62.68649666336873,123.79866300735738,830.8056041788913,11.275510204081634
9.0,6.225677383620653,66.87408384169682,134.4387949656202,946.5926700467189,0.0
10.0,4.198871431940492,71.34180080964757,141.8949403881049,1029.794263961615,0.0
11.0,2.7965092441192327,68.03816492012321,146.8539477978168,1085.9777224580273,0.0
12.0,1.8966781994402147,65.81757743079505,150.1873177564253,1124.0897239806272,0.0
13.0,1.3009248757103478,64.30293278561638,152.46103082263832,1150.2393728270656,0.0
14.0,0.8986422145576934,63.26032869244199,154.02616298851103,1168.3098965123506,0.0
0.0,0.476530612244898,35.0,0.0,0.0,0.0
1.0,1.4902879834615421,34.14319741950858,1.2870627245296178,0.051672622556223416,13.724489795918368
2.0,4.18553430992839,38.18985059166389,5.095313085856665,0.9950411960910354,13.724489795918368
3.0,9.362531348479902,45.59429570474513,14.586481736224126,11.902079813228411,13.724489795918368
4.0,15.097241493583272,47.48381526892292,32.357794530305135,70.30257788555457,13.724489795918368
5.0,18.158972793768314,44.981975065500514,56.7235016351666,215.1520091585395,13.724489795918368
6.0,18.00730905407698,41.1522568613579,83.08541223125832,428.66118732351305,13.724489795918368
7.0,15.903471608654351,38.52030656428573,107.65098895263795,662.9524863613061,13.724489795918368
8.0,13.081859551986282,38.32919960578644,128.55170476034942,881.4653994689274,13.724489795918368
9.0,10.271713825610854,40.87651840275823,145.33878451987405,1067.0035009142766,13.724489795918368
10.0,7.790385903060998,45.97292423350806,158.29593840747697,1215.4562057527542,0.0
11.0,5.7504843729631885,45.124048112063086,167.98153868867965,1329.0893805135427,0.0
12.0,4.226077741401698,40.377152259942314,175.1102187318835,1413.8649311333158,0.0
13.0,3.094995116544961,36.89461312553117,180.3407922802593,1476.5981537159391,0.0
14.0,2.2587927102612335,34.34871246008001,184.16500581911183,1522.7188254674581,0.0
0.0,0.36632653061224496,79.28571428571429,0.0,0.0,0.0
1.0,1.1704331040746072,78.61847134184472,1.001498262744242,0.014924526068631871,0.0
2.0,3.3860970556928938,76.59199881784437,4.043165603625183,0.4386039902988731,0.0
3.0,7.840766337391382,71.37772413666313,11.869865634177815,6.803567930999015,16.47959183673469
4.0,12.830299662823759,76.97316760733455,26.94383003597842,46.421174833932916,16.47959183673469
5.0,14.658647571051498,79.93991677480142,47.22598371321787,149.75676615833112,16.47959183673469
6.0,12.983877709192027,82.94804995820384,67.44560417202759,294.5678142417478,16.47959183673469
7.0,9.68737430406547,88.49790412513353,83.84982142912705,434.2209259180254,16.47959183673469
8.0,6.385323680676041,97.31079551195684,95.35610408987341,541.4204779862824,16.47959183673469
9.0,3.8801012401215482,108.94058267048081,102.63436539565478,612.5780772710467,16.47959183673469
10.0,2.258732934440269,122.53778243249502,106.95983547503555,655.9872892327778,16.47959183673469
11.0,1.2890528484789676,137.3565638789258,109.4520163287859,681.3601837496968,0.0
12.0,0.7289196855134021,144.1489112826847,110.86755463365259,695.8872285317464,0.0
13.0,0.4103271679451265,143.6166690919775,111.66619514011589,704.1183073341268,0.0
14.0,0.23041523175528436,143.31742842693293,112.11521262111852,708.7568931289125,0.0
0.0,0.38469387755102047,26.42857142857143,0.0,0.0,0.0
1.0,1.196677932737989,25.74008864353175,1.0347038826933619,0.04844116101832552,0.0
2.0,3.404224070257715,23.69400970302675,4.110034353646179,0.7205744748288148,7.908163265306122
3.0,7.920477082543616,22.41205884868636,11.9818943445138,8.370074179077154,7.908163265306122
4.0,13.627506193797151,19.97127723019114,27.541384907991738,52.58791400607523,7.908163265306122
5.0,17.34385833536696,12.798187924433009,50.23278278211428,175.31509143830704,7.908163265306122
6.0,17.538949546781687,3.7911829080273733,75.77701220302403,365.8089360660012,7.908163265306122
7.0,13.237373083422499,0.08031901599563661,98.43417705924249,454.96179768766666,7.908163265306122
8.0,9.100242929220723,0.28732519677268614,114.31328243591837,486.41676923278857,0.0
9.0,6.517463379060089,0.29405843739818494,125.41469762050392,544.642957116407,0.0
10.0,4.2343689758183105,-9.730659497289445e-09,133.0497435768234,545.8033322016411,0.0
11.0,2.7306867276968987,-2.330244103583732e-09,137.98748131699563,545.8033325017329,0.0
12.0,1.754983720770751,-2.4494008338043742e-08,141.16629020880268,545.8033321334815,0.0
13.0,1.125530404567772,-4.135534688764042e-08,143.20707807797203,545.803332206861,0.0
14.0,0.7208842001532354,-1.1347809329510877e-08,144.51503427415875,545.8033321497579,0.0
0.0,0.18265306122448982,50.714285714285715,0.0,0.0,0.0
1.0,0.5863256947239013,50.38163619062629,0.4994678529531337,0.006341431265861491,0.0
2.0,1.7957714005249343,49.338884533743055,2.065163908068417,0.10217585260155596,0.0
3.0,4.852350583357882,46.34459534380947,6.561293280992901,1.6686890347420613,17.39795918367347
4.0,10.218076867869927,47.24465705049739,17.20588911171652,17.290143688787094,17.39795918367347
5.0,15.518860349247396,52.144120173576816,35.97228695481122,87.38606479675354,17.39795918367347
6.0,17.78675419691729,53.28404560926682,60.38238519351191,241.48616287313217,17.39795918367347
7.0,16.949983081222133,53.82789766242012,85.68718007452057,451.96903121036627,17.39795918367347
8.0,14.386535344309529,56.11328802333683,108.37674483812384,670.7605382174269,17.39795918367347
9.0,11.208215371811212,61.21645118415503,126.83476420152661,864.3057436791296,17.39795918367347
10.0,7.976545106120515,69.42125180803096,140.63515130047637,1016.4139916633256,17.39795918367347
11.0,5.008045292557851,80.62702092449709,149.92969374310852,1121.9889018580864,0.0
12.0,2.736621568664534,93.67215059043413,155.39660772415186,1185.186764098248,0.0
13.0,1.424594716264702,91.7445154131379,158.28962094396016,1218.9375804937526,0.0
14.0,0.7442364763069654,90.739362241487,159.79817604295417,1236.6125434264252,0.0
0.0,0.16428571428571428,32.142857142857146,0.0,0.0,0.0
1.0,0.5211994773649186,31.84598750950566,0.44600036563366674,0.010234815647652171,0.0
2.0,1.5865807802997007,30.92363557672228,1.8317325626162761,0.11158486632889832,15.255102040816325
3.0,4.344777374640826,43.3636289095877,5.826020268501215,1.3435092930396464,15.255102040816325
4.0,9.461147075505481,52.15526649348804,15.53119068660704,13.633101600446775,15.255102040816325
5.0,14.85277125056676,55.62168709280897,33.23045523835595,73.9711852631538,15.255102040816325
6.0,17.43143009417183,55.114658937743535,56.89492502000812,215.87267849893283,15.255102040816325
7.0,16.918499371959786,53.69799315990901,81.92557709554998,417.9896787036308,15.255102040816325
8.0,14.636665111222467,53.73292394486128,104.77715836898751,634.3236128742636,15.255102040816325
9.0,11.7250052464192,56.32708716268027,123.78591398446504,831.2362773917409,15.255102040816325
10.0,8.793234245582566,61.75349515986806,138.54152686077305,992.5839378284486,15.255102040816325
11.0,6.084279336883081,69.89569824730553,149.2190476267785,1113.3374928359021,0.0
12.0,3.753551381209397,78.60490038274392,156.2410175020683,1194.429900019213,0.0
13.0,2.2331708565602626,75.80125988766547,160.44919890761633,1243.605478395949,0.0
14.0,1.3530334511379507,74.11813055139244,162.9755771313156,1273.3149102988607,0.0
0.0,0.4948979591836735,56.42857142857142,0.0,0.0,0.0
1.0,1.5641885244237048,55.532312790637356,1.3455887490209815,0.036730034831775435,8.826530612244898
2.0,4.401057628068514,56.55628671257283,5.352315829188154,0.9710468681594003,8.826530612244898
3.0,9.655748025725783,58.79619972261351,15.240724797365909,12.740639965954628,8.826530612244898
4.0,15.112630004147258,55.611623604720016,33.273048379494675,73.77614737542505,8.826530612244898
5.0,17.84699077448234,48.36858449548022,57.40056920003985,219.13834744473218,8.826530612244898
6.0,17.625206649421067,39.992537303642294,83.23373379665269,429.1285636348702,8.826530612244898
7.0,15.60906455823159,32.79521802014875,107.30272133290289,658.3606508328086,8.826530612244898
8.0,12.909595794958555,27.934809849436885,127.86716599031058,872.2438552694679,8.826530612244898
9.0,10.216836879466594,25.699261552679793,144.49144045996485,1054.3826618819364,8.826530612244898
10.0,7.855191766811357,25.900774233990685,157.45422844812313,1201.2349753597782,0.0
11.0,5.923570685844042,22.217408568017674,167.32243484465403,1315.490493603831,0.0
12.0,4.40603243481286,17.30271964828507,174.71321935710174,1401.7741975398005,0.0
13.0,3.242692624526036,13.668763007320953,180.18183563072168,1465.6943463011917,0.0
14.0,2.3665432892363505,11.007522411807741,184.18993658971385,1512.3711163806665,0.0
0.0,0.9724489795918367,46.42857142857143,0.0,0.0,0.0
1.0,2.9852300397305687,44.68974895072213,2.611096534615726,0.18448884621665038,16.173469387755105
2.0,7.539696223596454,43.66537521541386,9.849961197285323,4.619474271304197,16.173469387755105
3.0,13.776012963251224,49.615199873868605,25.201612442859076,40.9779001321686,16.173469387755105
4.0,18.003724600220327,50.26578652819544,48.509084875183035,159.28548139620588,16.173469387755105
5.0,18.604400117207962,48.62136236304901,75.26293268682787,360.33248583834575,16.173469387755105
6.0,16.711223456134533,47.72635465641293,100.89230286411392,595.8884444052005,16.173469387755105
7.0,13.77587313642541,49.2422163821156,122.90151225259524,821.5998137726187,16.173469387755105
8.0,10.68334236247682,53.69499136802559,140.49975790960468,1014.0318621778091,16.173469387755105
9.0,7.805780684719143,61.024367644688695,153.77756271156557,1165.1153930392038,0.0
10.0,5.330171552459846,63.03201745504058,163.15026546134433,1274.4770023828576,0.0
11.0,3.6774843754690463,58.76786745822291,169.5517439681712,1350.2565018951636,0.0
12.0,2.5740083194440206,55.80362290723154,174.00199252780223,1403.4055516658464,0.0
13.0,1.8149052446351925,53.72093517626655,177.12887683033173,1440.9662648800004,0.0
14.0,1.284718944957916,52.249486284183035,179.3381331261523,1467.6075151377859,0.0
0.0,0.9357142857142857,76.42857142857143,0.0,0.0,0.0
1.0,2.889578674876593,74.74753411386118,2.523224000561625,0.13424220320367108,0.0
2.0,7.247855885967285,70.09212280863375,9.511163893996715,3.933414959252692,0.0
3.0,13.089382770801874,60.334954702604044,24.158158464058694,36.581904573210764,10.96938775510204
4.0,17.334482133493882,48.53619382721716,46.409107773657375,145.22797816668538,10.96938775510204
5.0,18.348762371349153,42.14575035864402,72.47758658434668,336.07044304311705,10.96938775510204
6.0,16.892725035244386,36.07967659820386,98.06357524185097,567.0486075070547,10.96938775510204
7.0,14.288236252987273,32.056823022262606,120.58513065382176,794.8439152960899,10.96938775510204
8.0,11.458473818573522,30.694034135720962,139.11307017330915,995.0312255631109,10.96938775510204
9.0,8.875395003559992,31.94860103572542,153.70874122212194,1159.4158775054036,10.96938775510204
10.0,6.711259492361805,35.48306820586896,164.87780203995538,1288.802871989857,0.0
11.0,4.986424736726027,35.28408367498024,173.24742989682474,1387.6660998670495,0.0
12.0,3.6743561809550878,31.162936153655366,179.43846654712496,1461.55098308805,0.0
13.0,2.6917823805711465,28.135400030285478,183.98743570680685,1516.162140880853,0.0
14.0,1.9630808686136096,25.9227932695319,187.31248868572115,1556.2251035118202,0.0
0.0,0.7336734693877551,65.0,0.0,0.0,0.0
1.0,2.2920706628987744,63.67663036067404,1.9865971829247677,0.08086523876873271,13.418367346938775
2.0,6.058746821189399,68.7822299055459,7.681682134598565,2.329301030683926,13.418367346938775
3.0,11.569033418164844,73.76056598230156,20.350526333023208,24.735563433955924,13.418367346938775
4.0,15.175847814577068,74.06338047531433,40.037110955114954,107.62782449989746,13.418367346938775
5.0,15.169822643189915,72.67188821278268,62.26704075954081,254.3922432710143,13.418367346938775
6.0,12.890563032400257,72.51770773629778,82.63992003013425,423.42243580933234,13.418367346938775
7.0,9.807703184909814,75.02506681993323,99.01757219169824,576.8203144073684,13.418367346938775
8.0,6.754599172544353,80.52328460038312,110.9054782185057,695.956539177328,13.418367346938775
9.0,4.2083987273543935,88.73687032190652,118.71729558791317,777.3232966941865,0.0
10.0,2.48814655517749,86.96721364055524,123.4296022683067,827.4776372008531,0.0
11.0,1.4793521144685002,85.10655113851169,126.22221692565182,857.548826593203,0.0
12.0,0.8841452083639011,83.99753893216463,127.88671905730264,875.5914077731261,0.0
13.0,0.5303453463377819,83.33355081802756,128.88329643607,886.4355224900044,0.0
14.0,0.3188783890527239,82.93479938363356,129.48178331950922,892.9626487669323,0.0
0.0,0.513265306122449,59.285714285714285,0.0,0.0,0.0
1.0,1.621783411675803,58.35607687897104,1.3956414762094846,0.03830327003053755,0.0
2.0,4.541675394803802,55.59538031940111,5.5403210705025145,1.0512500125567263,6.9897959183673475
3.0,9.90431895837421,53.17454544995313,15.70735517873126,13.75101319646137,6.9897959183673475
4.0,15.488039320272492,47.857260662853975,34.18617464519609,78.34807935787403,6.9897959183673475
5.0,18.314220036282443,38.36790852886992,58.93361784387821,230.64357272409748,6.9897959183673475
6.0,18.038468265022647,27.72779365474889,85.4188582262364,448.8314075510334,6.9897959183673475
7.0,15.860525645771917,18.383583856956886,109.97392872175092,683.8198207717292,6.9897959183673475
8.0,12.969734260409167,11.561198561058589,130.76319901180463,898.1020865996994,0.0
9.0,10.081454124622564,4.854783888131029,147.33918985038736,1072.9046466992406,0.0
10.0,6.873703908696677,5.90568613746697e-09,159.6385287365663,1135.1087682148338,0.0
11.0,4.339297281123845,-8.309151679888411e-09,167.5759049954661,1135.1087682322475,0.0
12.0,2.7282356117178193,-4.983500992194969e-09,172.57647779827568,1135.108768228061,0.0
13.0,1.711157230221774,-4.112862268301814e-09,175.71654667140487,1135.1087682264194,0.0
14.0,1.0716568119744918,-2.4466316092038782e-08,177.68454688715167,1135.108768251961,0.0
0.0,0.20102040816326533,57.857142857142854,0.0,0.0,0.0
1.0,0.6462962228837805,57.490565799270875,0.5503422914621279,0.006312545487532984,0.0
2.0,1.9719841483681255,56.342798497515126,2.273505727301554,0.11835909751319998,10.357142857142858
3.0,5.245879505418223,56.355971821865154,7.172545609129621,2.0176190512997216,10.357142857142858
4.0,10.66621674366044,59.1841100415459,18.475728178097544,20.021678488094665,10.357142857142858
5.0,15.5603874741212,56.7828569011821,37.62973672232324,95.29841891605457,10.357142857142858
6.0,17.520363737157354,51.02303904539374,61.82758282262938,251.72319459722155,10.357142857142858
7.0,16.817326711129024,44.75009492888461,86.79881673939741,461.4041944363422,10.357142857142858
8.0,14.657590303308103,39.94604218698021,109.56756612617586,681.6728542489939,0.0
9.0,12.020867133550738,35.18016785012119,128.7897931694953,883.3769643411035,0.0
10.0,9.499825590057073,24.888987018909663,144.2525184295678,1053.3082702296842,0.0
11.0,7.308887474481844,16.870364461848535,156.30961726547895,1188.9315002729236,0.0
12.0,5.5047437189873065,10.77320158230841,165.48899914920784,1292.7593429990436,0.0
13.0,4.068110788278628,6.233034612335291,172.3402920848192,1369.0776967091233,0.0
14.0,2.9411394890550624,2.92826458840714,177.354124371471,1421.8734967108494,0.0
0.0,0.696938775510204,63.57142857142857,0.0,0.0,0.0
1.0,2.1814190568688483,62.31348828319852,1.8884093998414495,0.07265842071193535,0.0
2.0,5.835891679499898,58.68379933677055,7.337443886046812,2.1031386042147635,0.0
3.0,11.697033290288143,50.369593920120735,19.820210215422673,23.594418301998296,8.520408163265307
4.0,16.832591345041674,43.52958538554356,40.66684742720657,112.04381901247737,8.520408163265307
5.0,18.736681478208453,34.72228403726442,66.69170594846031,289.7899478059277,8.520408163265307
6.0,17.739522866127963,25.58513545127464,93.22236092826299,520.8393313443254,8.520408163265307
7.0,15.208958210401804,18.255958885372245,117.05176119718487,756.1018510681403,8.520408163265307
8.0,12.25001507492135,13.634893664873129,136.82683794032232,964.444229012729,8.520408163265307
9.0,9.480688272609328,11.795552055316957,152.42857385963163,1134.6646866868273,8.520408163265307
10.0,7.158665584103874,12.402020958420806,164.34936125818066,1268.0368505838483,0.0
11.0,5.2990331669542625,6.488235034123702,173.26881645766989,1368.0455251649225,0.0
12.0,3.812583866014346,2.194362192041489,179.79097053372678,1435.9718753509053,0.0
13.0,2.5180746528078846,9.676058153312372e-07,184.34101072688503,1459.2753966560706,0.0
14.0,1.568957376065125,1.911832257997653e-09,187.23034399457768,1459.275397721384,0.0
0.0,0.7153061224489796,39.28571428571429,0.0,0.0,0.0
1.0,2.216311394331675,38.00327712733944,1.926144880655994,0.10473084367550278,0.0
2.0,5.89362412899881,34.33205931593781,7.440591063254313,2.4340042022204944,6.071428571428571
3.0,11.782630073401585,28.617574176346327,20.02834801959696,25.333084044178747,6.071428571428571
4.0,16.892941614175886,20.74303715332169,40.98973733125768,116.38775122246606,6.071428571428571
5.0,18.589364480298602,9.54165805668761,66.98849942773707,294.65296426893116,6.071428571428571
6.0,16.015618080200845,0.03245048587013551,92.6648788968812,466.7234929025495,6.071428571428571
7.0,10.82621856915247,0.06853149665752159,111.77618621588731,480.42044471433525,6.071428571428571
8.0,7.287910514251833,0.2261092493167542,124.63808434178232,502.1692106517245,6.071428571428571
9.0,5.100951001609828,1.0453524385247086,133.41814339659797,544.0160089936934,6.071428571428571
10.0,3.7782188008232422,3.019522701713989,139.74190683017665,596.7268833057673,0.0
11.0,2.757852262975652,0.479375186320519,144.44560484143247,635.4459230079591,0.0
12.0,1.778493890199379,-2.1634668829730463e-07,147.67311864362713,637.9315220775557,0.0
13.0,1.1347779868871908,3.4530835737927365e-08,149.73636235659012,637.9315217639357,0.0
14.0,0.7231456499472487,4.689563942338289e-09,151.05199731032616,637.9315218012331,0.0
0.0,0.34795918367346934,42.142857142857146,0.0,0.0,0.0
1.0,1.1017734947883722,41.51329387636209,0.9454737630958007,0.023892520793260513,14.948979591836734
2.0,3.2098536068570076,42.19591449719447,3.8147484437500543,0.4705774753232596,14.948979591836734
3.0,7.7105892135772125,52.11022190936514,11.374611805404252,6.462520070888394,14.948979591836734
4.0,13.4871270486062,56.85821885941434,26.689961801030595,46.166062611950565,14.948979591836734
5.0,17.1027248955318,56.86287152636647,49.12606389733237,162.81727278267206,14.948979591836734
6.0,17.364761423715407,55.04669604993686,74.29626326715231,351.75405823844005,14.948979591836734
7.0,15.433854520009664,54.15034610640308,98.08608318052376,568.2690178387744,14.948979591836734
8.0,12.605464473480968,55.619367776467996,118.32452648740221,773.1737664949168,14.948979591836734
9.0,9.639724971561042,59.906722807033276,134.33089303500515,945.7331357062316,14.948979591836734
10.0,6.8625886184831755,66.96213431812232,146.18064980312988,1078.5303710817243,0.0
11.0,4.427063920630094,73.787984198958,154.25256332073795,1171.2081176932222,0.0
12.0,2.7991192228044506,70.38899011424019,159.3545897087226,1230.6113576623295,0.0
13.0,1.8084464872272459,68.21644953301067,162.6157519999888,1268.8821134930872,0.0
14.0,1.1839113247939275,66.80347786967002,164.7367792338943,1293.8940360073448,0.0
